{
    "rules": [
      {
        "match": {
          "blocks": {
            "blocks": [
              "mekanism:oreblock:2"
            ]
          }
        },
        "drops": [
          {
            "item": {
              "items" : [
                "galacticraftcore:basic_block_core:6"
              ]
            }
          }
        ]
      },
      {
        "match": {
          "blocks": {
            "blocks": [
              "mekanism:oreblock:1"
            ]
          }
        },
        "drops": [
          {
            "item": {
              "items" : [
                "galacticraftcore:basic_block_core:5"
              ]
            }
          }
        ]
      },
      {
        "match": {
          "blocks": {
            "blocks": [
              "galacticraftcore:basic_block_core:8"
            ]
          }
        },
        "drops": [
          {
            "item": {
              "items" : [
                "appliedenergistics2:material:5"
              ],
              "quantity" : {
                "min": 3,
                "max": 3
              }
            }
          }
        ]
      },
      {
        "match": {
          "blocks": {
            "blocks": [
              "galacticraftplanets:venus:10"
            ]
          }
        },
        "drops": [
          {
            "item": {
              "items" : [
                "appliedenergistics2:material:5"
              ],
              "quantity" : {
                "min": 3,
                "max": 3
              }
            }
          }
        ]
      },
      {
        "match": {
          "blocks": {
            "blocks": [
              "tp:ender_ore"
            ]
          }
        },
        "drops": [
          {
            "item": {
              "items" : [
                "appliedenergistics2:material:46"
              ],
              "quantity" : {
                "min": 4,
                "max": 5
              }
            }
          }
        ]
      },
      {
        "match": {
          "blocks": {
            "blocks": [
              "minecraft:dirt"
            ]
          }
        },
        "replaceStrategy": "ADD",
        "drops": [
          {
            "selector": {
              "weight": {
                "value": 999
              }
            }
          },
          {
            "selector": {
              "weight": {
                "value": 1
              }
            },
            "item": {
              "items": [
                "minecraft:diamond"
              ]
            }
          }
        ]
      },
      {
        "match": {
          "blocks": {
            "blocks": [
              "minecraft:grass"
            ]
          }
        },
        "replaceStrategy": "ADD",
        "drops": [
          {
            "selector": {
              "weight": {
                "value": 999
              }
            }
          },
          {
            "selector": {
              "weight": {
                "value": 1
              }
            },
            "item": {
              "items": [
                "minecraft:diamond"
              ]
            }
          }
        ]
      }
    ]
  }